Дата;Версия;Статус;Аккаунт;Система;Корабль;Метод;Сообщение
2026.05.31 05:57:18;v.0.01.000;🔹;System;System;Unknown;Main;Бот успешно запущен.
2026.05.31 05:57:18;v.0.01.000;🔹;System;System;Unknown;Main;Нажмите [ESC] в любой момент для плавной остановки.
2026.05.31 05:57:21;v.0.01.000;🔹;System;System;Unknown;StartMultiBotSystem;Мультисистема запущена. Аккаунтов в работе: 1
2026.05.31 05:57:21;v.0.01.000;🔹;Lana Muc;UB-UQZ;Covetor II;RunLoopAsync;Поток запущен. Начало работы по сценарию: 'LocalWatcher'.
2026.05.31 05:57:21;v.0.01.000;🔹;Lana Muc;UB-UQZ;Covetor II;IsSaveLocal;Проверка завершена. В системе отсутствуют посторонние пилоты.
2026.05.31 05:57:37;v.0.01.000;⚠️;System;System;Unknown;ListenForCancelKey;Обнаружено нажатие [ESC]. Запуск остановки всех аккаунтов.
2026.05.31 05:57:37;v.0.01.000;⚠️;System;System;Unknown;StopMultiBotSystem;Всем фоновым потокам отправлен сигнал остановки. Ожидание завершения...
2026.05.31 05:57:37;v.0.01.000;🔹;Lana Muc;UB-UQZ;Covetor II;RunLoopAsync;Получен сигнал остановки. Фиксация состояния.
2026.05.31 05:57:37;v.0.01.000;🔹;Lana Muc;UB-UQZ;Covetor II;RunLoopAsync;Состояние сохранено на диск. Рабочий поток остановлен. Время работы в сессии (сек): 16
2026.05.31 05:57:38;v.0.01.000;⚠️;System;System;Unknown;Main;Бот остановлен. Сессия завершена.
2026.05.31 05:59:26;v.0.01.000;🔹;System;System;Unknown;Main;Бот успешно запущен.
2026.05.31 05:59:26;v.0.01.000;🔹;System;System;Unknown;Main;Нажмите [ESC] в любой момент для плавной остановки.
2026.05.31 05:59:29;v.0.01.000;🔹;System;System;Unknown;StartMultiBotSystem;Мультисистема запущена. Аккаунтов в работе: 1
2026.05.31 05:59:29;v.0.01.000;🔹;Lana Muc;UB-UQZ;Covetor II;RunLoopAsync;Поток запущен. Начало работы по сценарию: 'LocalWatcher'.
2026.05.31 05:59:29;v.0.01.000;🔹;Lana Muc;UB-UQZ;Covetor II;IsSaveLocal;Проверка завершена. В системе отсутствуют посторонние пилоты.
2026.05.31 05:59:41;v.0.01.000;⚠️;System;System;Unknown;ListenForCancelKey;Обнаружено нажатие [ESC]. Запуск остановки всех аккаунтов.
2026.05.31 05:59:41;v.0.01.000;⚠️;System;System;Unknown;StopMultiBotSystem;Всем фоновым потокам отправлен сигнал остановки. Ожидание завершения...
2026.05.31 05:59:41;v.0.01.000;🔹;Lana Muc;UB-UQZ;Covetor II;RunLoopAsync;Получен сигнал остановки. Фиксация состояния.
2026.05.31 05:59:41;v.0.01.000;🔹;Lana Muc;UB-UQZ;Covetor II;RunLoopAsync;Состояние сохранено на диск. Рабочий поток остановлен. Время работы в сессии (сек): 12
2026.05.31 05:59:42;v.0.01.000;⚠️;System;System;Unknown;Main;Бот остановлен. Сессия завершена.
2026.05.31 06:01:40;v.0.01.000;🔹;System;System;Unknown;Main;Бот успешно запущен.
2026.05.31 06:01:40;v.0.01.000;🔹;System;System;Unknown;Main;Нажмите [ESC] в любой момент для плавной остановки.
2026.05.31 06:01:42;v.0.01.000;🔹;System;System;Unknown;StartMultiBotSystem;Мультисистема запущена. Аккаунтов в работе: 1
2026.05.31 06:01:42;v.0.01.000;🔹;Lana Muc;UB-UQZ;Covetor II;RunLoopAsync;Поток запущен. Начало работы по сценарию: 'LocalWatcher'.
2026.05.31 06:01:42;v.0.01.000;🔹;Lana Muc;UB-UQZ;Covetor II;IsSaveLocal;Проверка завершена. В системе отсутствуют посторонние пилоты.
2026.05.31 06:02:08;v.0.01.000;⚠️;System;System;Unknown;ListenForCancelKey;Обнаружено нажатие [ESC]. Запуск остановки всех аккаунтов.
2026.05.31 06:02:08;v.0.01.000;⚠️;System;System;Unknown;StopMultiBotSystem;Всем фоновым потокам отправлен сигнал остановки. Ожидание завершения...
2026.05.31 06:02:08;v.0.01.000;🔹;Lana Muc;UB-UQZ;Covetor II;RunLoopAsync;Получен сигнал остановки. Фиксация состояния.
2026.05.31 06:02:08;v.0.01.000;🔹;Lana Muc;UB-UQZ;Covetor II;RunLoopAsync;Состояние сохранено на диск. Рабочий поток остановлен. Время работы в сессии (сек): 25
2026.05.31 06:02:09;v.0.01.000;⚠️;System;System;Unknown;Main;Бот остановлен. Сессия завершена.
